site_name,MAE,MSE,RMSE,R2
7ZU,0.04165061245522648,0.0030198252230831425,0.054952936437310994,0.9652413754841346
7ZU,0.04165061245522648,0.0030198252230831425,0.054952936437310994,0.9652413754841346
7ZU,0.04165061245522648,0.0030198252230831425,0.054952936437310994,0.9652413754841346
7ZU,0.04165061245522648,0.0030198252230831425,0.054952936437310994,0.9652413754841346
7ZU,0.04165061245522648,0.0030198252230831425,0.054952936437310994,0.9652413754841346
7ZU,0.04165061245522648,0.0030198252230831425,0.054952936437310994,0.9652413754841346
